Genre,TrackCount,Reason
dance,2331,no_family_rule
funk,1517,no_family_rule
indie,1470,no_family_rule
eurodance,1090,no_family_rule
disco,1075,no_family_rule
iskelma,1045,no_family_rule
christmas,918,no_family_rule
russelater,868,no_family_rule
lounge,843,no_family_rule
ska,642,no_family_rule
afro adura,632,no_family_rule
new age,620,no_family_rule
alte,615,no_family_rule
dansktop,604,no_family_rule
club,593,no_family_rule
likedis auto,590,no_family_rule
easy listening,585,no_family_rule
latin alternative,569,no_family_rule
mashup,548,no_family_rule
urbano chileno,548,no_family_rule
urbano espanol,548,no_family_rule
private school piano,547,no_family_rule
schlager,544,no_family_rule
trip hop,525,no_family_rule
israeli mediterranean,515,no_family_rule
chillout,502,no_family_rule
tango,484,no_family_rule
fusion,483,no_family_rule
goth,480,no_family_rule
psychobilly,477,no_family_rule
beethoven,472,no_family_rule
lofi,467,no_family_rule
classic,462,no_family_rule
berlin school,459,no_family_rule
permanent wave,457,no_family_rule
chicago,456,no_family_rule
hillbilly,456,no_family_rule
meditation,456,no_family_rule
vietnam indie,455,no_family_rule
101 moments in music,454,no_family_rule
2001 space odyssey,454,no_family_rule
50cents,454,no_family_rule
80 s fresh new,454,no_family_rule
absolute voices,454,no_family_rule
acoustic best,454,no_family_rule
adam beyer,454,no_family_rule
africa middle east,454,no_family_rule
alirio diaz,454,no_family_rule
andrade,454,no_family_rule
andre powels,454,no_family_rule
andrew york,454,no_family_rule
armin van buuren,454,no_family_rule
backstreet boys,454,no_family_rule
bareto,454,no_family_rule
basque,454,no_family_rule
bflaminio,454,no_family_rule
binaural beats,454,no_family_rule
birthday,454,no_family_rule
boot land,454,no_family_rule
casanovas,454,no_family_rule
cdnnnow128,454,no_family_rule
cdx,454,no_family_rule
celtic celebration,454,no_family_rule
celtic spirit vol 7,454,no_family_rule
classique,454,no_family_rule
classwar karaoke,454,no_family_rule
cobles,454,no_family_rule
compilatie,454,no_family_rule
dedicated to you vol 1,454,no_family_rule
desperado,454,no_family_rule
dfree843,454,no_family_rule
die drei,454,no_family_rule
dresch,454,no_family_rule
driven by 80s anthems,454,no_family_rule
educacion,454,no_family_rule
elc chritmas,454,no_family_rule
experience the classics,454,no_family_rule
fjord,454,no_family_rule
foreign language,454,no_family_rule
frederic chopin,454,no_family_rule
futebol,454,no_family_rule
gerard palaprat,454,no_family_rule
glass,454,no_family_rule
grase,454,no_family_rule
groom to the gallows,454,no_family_rule
healing sixes,454,no_family_rule
hemi-sync,454,no_family_rule
ibiza,454,no_family_rule
infantil,454,no_family_rule
john coltrane,454,no_family_rule
josquin,454,no_family_rule
jucanto,454,no_family_rule
kinderchore,454,no_family_rule
kinderliedjes kapiteinwinokio humo,454,no_family_rule
klaus baumgart,454,no_family_rule
la grande sophie,454,no_family_rule
leaving on a jet plan,454,no_family_rule
legion of von,454,no_family_rule
lil eazy-e,454,no_family_rule
liturgic,454,no_family_rule
liz,454,no_family_rule
liz andrade,454,no_family_rule
local music of iran,454,no_family_rule
los 24 grandes exitos de la zarzuela,454,no_family_rule
marilyn manson,454,no_family_rule
mary j blige,454,no_family_rule
mega,454,no_family_rule
michael jackson,454,no_family_rule
mimicking birds,454,no_family_rule
miroque,454,no_family_rule
mohsen namjoo,454,no_family_rule
montuno,454,no_family_rule
more 70,454,no_family_rule
my sharona,454,no_family_rule
ncs,454,no_family_rule
nederlands,454,no_family_rule
new generations,454,no_family_rule
new generations philip glass,454,no_family_rule
niroshima,454,no_family_rule
nitzer ebb,454,no_family_rule
nox,454,no_family_rule
number 1,454,no_family_rule
orthodox,454,no_family_rule
papeete,454,no_family_rule
pavarotti,454,no_family_rule
piosenka poetycka muzyka autorska,454,no_family_rule
pzzqxnzt6snn ekrngheoblbupu-,454,no_family_rule
razieq,454,no_family_rule
rhythm del mundo,454,no_family_rule
ronak bhatt,454,no_family_rule
shankar jaikishan,454,no_family_rule
shine 4,454,no_family_rule
shwetabh sucks,454,no_family_rule
sonic seducer cold hands vi,454,no_family_rule
sprechgesang,454,no_family_rule
sunshine,454,no_family_rule
the welcome committee,454,no_family_rule
trikitixa,454,no_family_rule
tunguska chillout grooves,454,no_family_rule
ultimatecore,454,no_family_rule
ussr ministry of culture chamber choir,454,no_family_rule
venezolana,454,no_family_rule
vera kaa,454,no_family_rule
visions,454,no_family_rule
volkstumliche musik,454,no_family_rule
wireharp,454,no_family_rule
z103 5 street mix 2k7,454,no_family_rule
zero t 51,454,no_family_rule
zweiohr,454,no_family_rule
ƒk₷m€,454,no_family_rule
мелодии рождества,454,no_family_rule
嫌われ松子の歌たち,454,no_family_rule
s.a. souvenirs,446,no_family_rule
chanson,439,no_family_rule
big room,437,no_family_rule
uk dance,428,no_family_rule
funk consciente,393,no_family_rule
moombahton,392,no_family_rule
epadunk,389,no_family_rule
neo psychedelia,385,no_family_rule
alt z,363,no_family_rule
fantasy,361,no_family_rule
pov: indie,339,no_family_rule
indian indie,333,no_family_rule
parlophone,329,no_family_rule
production music,326,no_family_rule
adult standards,317,no_family_rule
asakaa,315,no_family_rule
bhangra,310,no_family_rule
malay,302,no_family_rule
psychedelic,302,no_family_rule
taylor-swift,300,no_family_rule
pbr & b,285,no_family_rule
flamenco urbano,284,no_family_rule
german indie,284,no_family_rule
standards,284,no_family_rule
traditional,280,no_family_rule
lazy asses,279,no_family_rule
relaxation,279,no_family_rule
rhymes,279,no_family_rule
variete francaise,278,no_family_rule
rome indie,276,no_family_rule
cancion melodica,271,no_family_rule
nu disco,271,no_family_rule
horrorcore,267,no_family_rule
leftfield,267,no_family_rule
neo mellow,264,no_family_rule
alternative dance,251,no_family_rule
sadcore,251,no_family_rule
traditional music,250,no_family_rule
taiwan indie,247,no_family_rule
indie viet,241,no_family_rule
moroccan chaabi,231,no_family_rule
score,228,no_family_rule
beat music,227,no_family_rule
indonesian indie,225,no_family_rule
chinese indie,222,no_family_rule
dangdut,222,no_family_rule
milan indie,205,no_family_rule
british invasion,203,no_family_rule
alabama thunderpussy,202,no_family_rule
and clutch. in 2011,202,no_family_rule
damad,202,no_family_rule
early‐2000s underground,202,no_family_rule
fistula,202,no_family_rule
foundational act of the virginia sludge,202,no_family_rule
lamb of god,202,no_family_rule
mugwart is regarded as a cult,202,no_family_rule
mugwart was a sludge,202,no_family_rule
sharing stages with grief,202,no_family_rule
shifty records (sh09,202,no_family_rule
skate scene,202,no_family_rule
sofa king killer,202,no_family_rule
tdr‐13,202,no_family_rule
virginia beach,202,no_family_rule
aggro berlin,199,no_family_rule
canzone napoletana,197,no_family_rule
new romantic,196,no_family_rule
guitar,191,no_family_rule
post-disco,191,no_family_rule
industrial,189,no_family_rule
crossover prog,188,no_family_rule
rif,188,no_family_rule
california,186,no_family_rule
ccm,184,no_family_rule
disco polo,184,no_family_rule
merseybeat,184,no_family_rule
aggro,183,no_family_rule
ansage,183,no_family_rule
chanson francaise,182,no_family_rule
singeli,182,no_family_rule
big music,178,no_family_rule
cantautor,173,no_family_rule
childrens music,173,no_family_rule
fotbollslatar,170,no_family_rule
flamenco,167,no_family_rule
lofi indie,165,no_family_rule
swedish eurodance,165,no_family_rule
australian indie,164,no_family_rule
hard alternative,163,no_family_rule
dakke dak,162,no_family_rule
italo dance,161,no_family_rule
boogie,160,no_family_rule
latin talent show,159,no_family_rule
germany,158,no_family_rule
synth funk,158,no_family_rule
the lost generation,158,no_family_rule
video game,157,no_family_rule
dub,155,no_family_rule
post-bop,154,no_family_rule
singers,154,no_family_rule
crunk,152,no_family_rule
russian dance,152,no_family_rule
glitch,151,no_family_rule
luk thung,151,no_family_rule
mellow gold,150,no_family_rule
taiwanese indie,150,no_family_rule
australian dance,149,no_family_rule
basshall,149,no_family_rule
reggea,149,no_family_rule
travis scott,149,no_family_rule
game,148,no_family_rule
guitarist,147,no_family_rule
seresta,147,no_family_rule
glam,146,no_family_rule
funk ostentacao,144,no_family_rule
australia,143,no_family_rule
german dance,143,no_family_rule
liverpool,143,no_family_rule
mbs-333,143,no_family_rule
stomp and holler,143,no_family_rule
future rave,141,no_family_rule
los angeles,141,no_family_rule
gnawa,140,no_family_rule
noise music,140,no_family_rule
australian,139,no_family_rule
psychedelia,139,no_family_rule
progressive,138,no_family_rule
ghazal,137,no_family_rule
video game music,137,no_family_rule
complextro,136,no_family_rule
has german audio plays,136,no_family_rule
beat,135,no_family_rule
indian,135,no_family_rule
death by heart attack,134,no_family_rule
slowcore,134,no_family_rule
visual kei,133,no_family_rule
german composer,132,no_family_rule
phleng phuea chiwit,132,no_family_rule
son cubano,132,no_family_rule
abbey road,131,no_family_rule
bbc,131,no_family_rule
boys band,131,no_family_rule
british psychedelia,131,no_family_rule
chopped and screwed,131,no_family_rule
europe,131,no_family_rule
get back,131,no_family_rule
indie liguria,131,no_family_rule
one beatles,131,no_family_rule
overrated,131,no_family_rule
the beatles-primal colours,131,no_family_rule
the-beatles,131,no_family_rule
villancicos,131,no_family_rule
gengetone,130,no_family_rule
hard bop,129,no_family_rule
asian,128,no_family_rule
vietnamese lo-fi,128,no_family_rule
+usa (new york:manhatten,127,no_family_rule
next,127,no_family_rule
seattle,127,no_family_rule
dutch,126,no_family_rule
harana,126,no_family_rule
mollywood,126,no_family_rule
canadian contemporary r & b,125,no_family_rule
gaana,125,no_family_rule
uk funky,125,no_family_rule
southern thai music,124,no_family_rule
jam band,123,no_family_rule
japanese,123,no_family_rule
austrian composer,122,no_family_rule
neomelodico,122,no_family_rule
gujarati garba,120,no_family_rule
pinoy indie,120,no_family_rule
romanian,120,no_family_rule
ag4,119,no_family_rule
show tunes,119,no_family_rule
musica tocantinense,118,no_family_rule
to clean up,118,no_family_rule
vyrzukhisuc-artiest,118,no_family_rule
bhajan,117,no_family_rule
soukous,117,no_family_rule
gradually watermelon,116,no_family_rule
indian instrumental,116,no_family_rule
brass band,115,no_family_rule
indonesian r & b,115,no_family_rule
nature sounds,115,no_family_rule
crossover,114,no_family_rule
mexican,113,no_family_rule
producteur,113,no_family_rule
world fusion,113,no_family_rule
as jailed,112,no_family_rule
death by drug overdose,112,no_family_rule
lil wayne,112,no_family_rule
melodic,112,no_family_rule
symphony,112,no_family_rule
egyptian alternative,111,no_family_rule
neo-psychedelic,111,no_family_rule
lustrum,110,no_family_rule
dark r & b,109,no_family_rule
lullaby,109,no_family_rule
norwegian,109,no_family_rule
contemporary rnb,108,no_family_rule
detroit,108,no_family_rule
michael-jackson,108,no_family_rule
polish,108,no_family_rule
austrian,107,no_family_rule
bassline,107,no_family_rule
want to listen,107,no_family_rule
actors,106,no_family_rule
drone,106,no_family_rule
eletronic,106,no_family_rule
female vocal,106,no_family_rule
zhongguo feng,106,no_family_rule
gufeng,105,no_family_rule
energetic,104,no_family_rule
epic,103,no_family_rule
honky-tonk,103,no_family_rule
madchester,103,no_family_rule
eminem,102,no_family_rule
romanian singer,102,no_family_rule
colombia,101,no_family_rule
dirty south,101,no_family_rule
latin r & b,101,no_family_rule
timba,101,no_family_rule
8 mile,100,no_family_rule
bongo piano,100,no_family_rule
detroit hip-hop,100,no_family_rule
kun,100,no_family_rule
midwest hip-hop,100,no_family_rule
v,100,no_family_rule
actor,99,no_family_rule
celtic,99,no_family_rule
symphonic prog,99,no_family_rule
west coast hip-hop,99,no_family_rule
death by suicide,98,no_family_rule
icelandic indie,98,no_family_rule
lithuanian indie,98,no_family_rule
oyun havasi,98,no_family_rule
television music,98,no_family_rule
complete,97,no_family_rule
sonata,97,no_family_rule
talentkonkurranse,97,no_family_rule
magyar alternative,96,no_family_rule
kundiman,95,no_family_rule
ratchet music,95,no_family_rule
colombian,94,no_family_rule
schlagerparty,94,no_family_rule
spoken word,93,no_family_rule
vocal,93,no_family_rule
hong kong indie,91,no_family_rule
n,91,no_family_rule
conductor,90,no_family_rule
noise,90,no_family_rule
atlantico,89,no_family_rule
avant-garde,89,no_family_rule
barranquilla,89,no_family_rule
bay area,89,no_family_rule
chapel,89,no_family_rule
a cappella,88,no_family_rule
bridge,88,no_family_rule
christmas singles,88,no_family_rule
german r & b,88,no_family_rule
immortality,88,no_family_rule
nwobhm,88,no_family_rule
romantic,88,no_family_rule
synthwave,88,no_family_rule
twenty,88,no_family_rule
berlin,87,no_family_rule
bulgarian,86,no_family_rule
cousin in trinidad wont get the vaccine,86,no_family_rule
jersey club,86,no_family_rule
new rave,86,no_family_rule
nu-disco,86,no_family_rule
trip-hop,86,no_family_rule
axe,85,no_family_rule
barcadi,85,no_family_rule
deconstructed club,85,no_family_rule
norwegian indie,85,no_family_rule
death by knife,84,no_family_rule
melbourne bounce,84,no_family_rule
theatre,84,no_family_rule
latin american,83,no_family_rule
nature,83,no_family_rule
norsk,83,no_family_rule
urbano mexicano,83,no_family_rule
champeta,82,no_family_rule
death by gun,82,no_family_rule
favourite,82,no_family_rule
japanese indie,82,no_family_rule
video,82,no_family_rule
alphaville,81,no_family_rule
euro-dance,81,no_family_rule
italo disco,81,no_family_rule
pluggnb,81,no_family_rule
anitta,80,no_family_rule
escape room,80,no_family_rule
greek,80,no_family_rule
kleinkunst,80,no_family_rule
belly dance,79,no_family_rule
funkot,79,no_family_rule
honky tonk,79,no_family_rule
lagu timur,79,no_family_rule
mass,79,no_family_rule
non-music,79,no_family_rule
cadbury sisters,78,no_family_rule
contemporary r b,78,no_family_rule
do not merge,78,no_family_rule
eclectic,78,no_family_rule
finnish indie,78,no_family_rule
needs merging,78,no_family_rule
sound ideas 6000 aviation 2,78,no_family_rule
why has this not been merged yet,78,no_family_rule
ar-rahman,77,no_family_rule
cham cham,77,no_family_rule
clean up,77,no_family_rule
composition,77,no_family_rule
female vocalists,77,no_family_rule
hi-nrg,77,no_family_rule
huayno,77,no_family_rule
lame,77,no_family_rule
lil baby,77,no_family_rule
sapes comme jamais,77,no_family_rule
sheilat,77,no_family_rule
sober,77,no_family_rule
classic iskelma,76,no_family_rule
bootleg,75,no_family_rule
lo-fi beats,75,no_family_rule
poland,75,no_family_rule
requiem,75,no_family_rule
barbade,74,no_family_rule
barbadian,74,no_family_rule
barbadien,74,no_family_rule
barbados,74,no_family_rule
c'etait mieux avant,74,no_family_rule
campirano,74,no_family_rule
piano,74,no_family_rule
rehab,74,no_family_rule
rihanna,74,no_family_rule
swedish,74,no_family_rule
20th century,73,no_family_rule
acoustic,73,no_family_rule
gabber,73,no_family_rule
political,73,no_family_rule
writer,73,no_family_rule
つんく♂フロテュース,73,no_family_rule
ascanio in alba,72,no_family_rule
bikutsi,72,no_family_rule
chinese,72,no_family_rule
complete mozart edition,72,no_family_rule
dj,72,no_family_rule
film,72,no_family_rule
gould,72,no_family_rule
jamaican,72,no_family_rule
karl ristenpart,72,no_family_rule
late symphonies,72,no_family_rule
melancholic,72,no_family_rule
not acoustic,72,no_family_rule
not aggressive,72,no_family_rule
not sad,72,no_family_rule
rothenberger,72,no_family_rule
series-mozart-complete works-philips,72,no_family_rule
volume 15,72,no_family_rule
aussietronica,71,no_family_rule
doujin,71,no_family_rule
eurovision,71,no_family_rule
hollands,71,no_family_rule
nederlandse hardstyle,71,no_family_rule
new zealand,71,no_family_rule
oxford,71,no_family_rule
plena uruguaya,71,no_family_rule
plugg,71,no_family_rule
polka,71,no_family_rule
post-industrial,71,no_family_rule
r & b italiano,71,no_family_rule
cantata,70,no_family_rule
fictional,70,no_family_rule
j-division,70,no_family_rule
screamo,70,no_family_rule
yolandita monge,70,no_family_rule
alliteration,69,no_family_rule
arranger,69,no_family_rule
australien,69,no_family_rule
bebop,69,no_family_rule
bubblegum bass,69,no_family_rule
funktronica,69,no_family_rule
hardstyle,69,no_family_rule
horror,69,no_family_rule
mundart,69,no_family_rule
roxette,69,no_family_rule
the greatest,69,no_family_rule
dylan bootleg series,68,no_family_rule
greenwich village scene,68,no_family_rule
lagu jawa,68,no_family_rule
lolicore,68,no_family_rule
new grave,68,no_family_rule
nude,68,no_family_rule
pc music,68,no_family_rule
pledging my time,68,no_family_rule
polish alternative,68,no_family_rule
rare,68,no_family_rule
sacred cows,68,no_family_rule
siple twist of fate,68,no_family_rule
teater konsert,68,no_family_rule
best,67,no_family_rule
birmingham,67,no_family_rule
dancefloor dnb,67,no_family_rule
dutch indie,67,no_family_rule
hyphy,67,no_family_rule
mexican indie,67,no_family_rule
mexico,67,no_family_rule
rhythmic,67,no_family_rule
hello project,66,no_family_rule
irish,66,no_family_rule
latin indie,66,no_family_rule
organist,66,no_family_rule
tryt,66,no_family_rule
latin dance,65,no_family_rule
texas,65,no_family_rule
afrikaans,64,no_family_rule
australie,64,no_family_rule
batak,64,no_family_rule
darkwave,64,no_family_rule
edit,64,no_family_rule
funk de bh,64,no_family_rule
girlpower,64,no_family_rule
on writing,64,no_family_rule
tekk,64,no_family_rule
uk contemporary r & b,64,no_family_rule
britney spears,63,no_family_rule
edge of glory,63,no_family_rule
gata rahe mera dil,63,no_family_rule
neue deutsche welle,63,no_family_rule
saxx dreams,63,no_family_rule
scandinavian r & b,63,no_family_rule
the fame,63,no_family_rule
vocaloid,63,no_family_rule
bubblegum dance,62,no_family_rule
dansband,62,no_family_rule
nashville sound,62,no_family_rule
punta,62,no_family_rule
big beat,61,no_family_rule
chill,61,no_family_rule
girl crush,61,no_family_rule
hello project groups,61,no_family_rule
hello project kids,61,no_family_rule
nigo,61,no_family_rule
r & b brasileiro,61,no_family_rule
cubaton,60,no_family_rule
fado,60,no_family_rule
indie dance,60,no_family_rule
j-acoustic,60,no_family_rule
old school thrash,60,no_family_rule
rumba,60,no_family_rule
shocking,60,no_family_rule
british-american,59,no_family_rule
caesar,59,no_family_rule
dance music,59,no_family_rule
daniel,59,no_family_rule
death by diabetes,59,no_family_rule
fleetwood mac,59,no_family_rule
liquid funk,59,no_family_rule
party,59,no_family_rule
puerto rico,59,no_family_rule
toronto,59,no_family_rule
warp,59,no_family_rule
belgian indie,58,no_family_rule
indie quebecois,58,no_family_rule
new york,58,no_family_rule
absolute,57,no_family_rule
deathcore,57,no_family_rule
doo-wop,57,no_family_rule
doujin circle,57,no_family_rule
italian alternative,57,no_family_rule
bubblegum,56,no_family_rule
argentine indie,55,no_family_rule
domino,55,no_family_rule
gamer,55,no_family_rule
levenslied,55,no_family_rule
sheffield,55,no_family_rule
134a,54,no_family_rule
alternative hip-hop,54,no_family_rule
bach,54,no_family_rule
bertalan hock,54,no_family_rule
cantata 147,54,no_family_rule
euro-disco,54,no_family_rule
free improvisation,54,no_family_rule
gothenburg indie,54,no_family_rule
gramophone selection,54,no_family_rule
helmut walcha,54,no_family_rule
italian composer,54,no_family_rule
lgbtqi,54,no_family_rule
maluku,54,no_family_rule
mathauspassion,54,no_family_rule
melbourne bounce international,54,no_family_rule
motet,54,no_family_rule
six,54,no_family_rule
turkish alternative,54,no_family_rule
vaporwave,54,no_family_rule
vox,54,no_family_rule
wagner,54,no_family_rule
a,53,no_family_rule
afrofuturismo brasileiro,53,no_family_rule
anthemic,53,no_family_rule
global warming meltdown,53,no_family_rule
look again,53,no_family_rule
maltido,53,no_family_rule
pitbull,53,no_family_rule
secret,53,no_family_rule
tell me,53,no_family_rule
trova,53,no_family_rule
belgian dance,52,no_family_rule
death by airplane,52,no_family_rule
fail,52,no_family_rule
gg,52,no_family_rule
melancholia,52,no_family_rule
millennial,52,no_family_rule
musique regionale mexicaine,52,no_family_rule
north african,52,no_family_rule
algerian,51,no_family_rule
dark,51,no_family_rule
fergie,51,no_family_rule
finnish,51,no_family_rule
francais,51,no_family_rule
heavy,51,no_family_rule
kavkaz,51,no_family_rule
kevin haden,51,no_family_rule
sound recording executives and producers,51,no_family_rule
sweden,51,no_family_rule
turkce slow sarkilar,51,no_family_rule
uplifting,51,no_family_rule
will i am,51,no_family_rule
同人,51,no_family_rule
同人サークル,51,no_family_rule
awesome,50,no_family_rule
falcom,50,no_family_rule
funk bh,50,no_family_rule
grindcore,50,no_family_rule
medieval,50,no_family_rule
american composer,49,no_family_rule
dvd,49,no_family_rule
maloya,49,no_family_rule
neue deutsche harte,49,no_family_rule
rave,49,no_family_rule
sillyname,49,no_family_rule
ska argentino,49,no_family_rule
zhenskiy rep,49,no_family_rule
algerian chaabi,48,no_family_rule
automod ng,48,no_family_rule
awe︎some,48,no_family_rule
dangerous,48,no_family_rule
field recording,48,no_family_rule
francophone,48,no_family_rule
korean ost,48,no_family_rule
miley-cyrus,48,no_family_rule
senegalese-american,48,no_family_rule
torch song,48,no_family_rule
uk bass,48,no_family_rule
uk r & b,48,no_family_rule
vinyl,48,no_family_rule
guitarists,47,no_family_rule
homophobe,47,no_family_rule
horspiel,47,no_family_rule
lick,47,no_family_rule
multi-instrumentalist,47,no_family_rule
musician,47,no_family_rule
new french touch,47,no_family_rule
nordnorsk musikk,47,no_family_rule
parang,47,no_family_rule
remixes,47,no_family_rule
tiesto traffic,47,no_family_rule
twerk,47,no_family_rule
worldbeat,47,no_family_rule
beatlesque,46,no_family_rule
chill r & b,46,no_family_rule
kermis,46,no_family_rule
long title,46,no_family_rule
minimalism,46,no_family_rule
polish indie,46,no_family_rule
russian rave,46,no_family_rule
modern,45,no_family_rule
reparto,45,no_family_rule
surf,45,no_family_rule
symphonies,45,no_family_rule
2 pac,44,no_family_rule
above the rim,44,no_family_rule
also fail,44,no_family_rule
california gurls,44,no_family_rule
camp,44,no_family_rule
canadian indie,44,no_family_rule
chesty,44,no_family_rule
cute,44,no_family_rule
eastcoast killa,44,no_family_rule
failfail,44,no_family_rule
french singer,44,no_family_rule
gaaaaaayyyyyyyyy,44,no_family_rule
gaymeme,44,no_family_rule
hipdut,44,no_family_rule
im gay if i am shut up,44,no_family_rule
im gay if i am⸲ shut up,44,no_family_rule
international,44,no_family_rule
japanese r & b,44,no_family_rule
katy perry,44,no_family_rule
katy perry is gay,44,no_family_rule
katy pery is dumb,44,no_family_rule
lame lame lame lame,44,no_family_rule
london,44,no_family_rule
manchester,44,no_family_rule
megafail,44,no_family_rule
megalmaestupiddumb,44,no_family_rule
nope still fail,44,no_family_rule
srsly whats wrong with beign gay,44,no_family_rule
still fail,44,no_family_rule
total fail,44,no_family_rule
touhou,44,no_family_rule
uncool,44,no_family_rule
unil the end of time,44,no_family_rule
ur so faaaail,44,no_family_rule
ur so fail,44,no_family_rule
ur so lame,44,no_family_rule
‟ur so fail”,44,no_family_rule
東方project,44,no_family_rule
acting,43,no_family_rule
bases de freestyle,43,no_family_rule
funk viral,43,no_family_rule
italia,43,no_family_rule
javanese dangdut,43,no_family_rule
latvian,43,no_family_rule
lilith,43,no_family_rule
ominous,43,no_family_rule
pakistani,43,no_family_rule
pakistani indie,43,no_family_rule
pixel,43,no_family_rule
playful,43,no_family_rule
proto-prog,43,no_family_rule
black sabbath,42,no_family_rule
bombastic,42,no_family_rule
deboxe,42,no_family_rule
french composer,42,no_family_rule
funk 150 bpm,42,no_family_rule
glorious,42,no_family_rule
indie r & b,42,no_family_rule
kind of magic,42,no_family_rule
langham 1 studio bbc,42,no_family_rule
medley,42,no_family_rule
muziek voor kinderen,42,no_family_rule
orchestra,42,no_family_rule
platinum,42,no_family_rule
queen,42,no_family_rule
queen family,42,no_family_rule
reunion,42,no_family_rule
rx27,42,no_family_rule
sa-town anthem,42,no_family_rule
satire,42,no_family_rule
singing,42,no_family_rule
thai indie,42,no_family_rule
untied kingdom,42,no_family_rule
canada,41,no_family_rule
chrismas,41,no_family_rule
cologne indie,41,no_family_rule
death by pneumonia,41,no_family_rule
duets,41,no_family_rule
fabloo,41,no_family_rule
garland,41,no_family_rule
gorillaz,41,no_family_rule
mezzo-soprano,41,no_family_rule
motion picture producers and directors,41,no_family_rule
motion pictures--production and direction,41,no_family_rule
my way,41,no_family_rule
nasheed,41,no_family_rule
sgija,41,no_family_rule
trinidadian,41,no_family_rule
virtual band,41,no_family_rule
batidao romantico,40,no_family_rule
caribbean queen,40,no_family_rule
carnaval,40,no_family_rule
chamber music,40,no_family_rule
crooner,40,no_family_rule
death by liver cancer,40,no_family_rule
essentials,40,no_family_rule
flop,40,no_family_rule
matthew edward hall,40,no_family_rule
mick jagger,40,no_family_rule
r & b argentino,40,no_family_rule
scumbag,40,no_family_rule
some girls,40,no_family_rule
spanish composer,40,no_family_rule
the-rolling-stones,40,no_family_rule
vivo en el 6,40,no_family_rule
argentina,39,no_family_rule
argentinian,39,no_family_rule
art song,39,no_family_rule
australian talent show,39,no_family_rule
death by stroke,39,no_family_rule
gaita zuliana,39,no_family_rule
italy,39,no_family_rule
j-pixie,39,no_family_rule
red dirt,39,no_family_rule
religious,39,no_family_rule
+australia (sydney,38,no_family_rule
add release,38,no_family_rule
african,38,no_family_rule
arrangers,38,no_family_rule
capa,38,no_family_rule
cueca chilena,38,no_family_rule
death by lung cancer,38,no_family_rule
jose jose,38,no_family_rule
lithuanian alternative,38,no_family_rule
lithuanian r & b,38,no_family_rule
nigeria,38,no_family_rule
not happy,38,no_family_rule
not party,38,no_family_rule
partyschlager,38,no_family_rule
puerto rican,38,no_family_rule
relaxed,38,no_family_rule
soy asy,38,no_family_rule
spain,38,no_family_rule
virtuoso,38,no_family_rule
volts,38,no_family_rule
arrangeur,37,no_family_rule
bergamo indie,37,no_family_rule
birdsong,37,no_family_rule
death by heart failure,37,no_family_rule
ethereal wave,37,no_family_rule
hymns,37,no_family_rule
mc,37,no_family_rule
music for people who dislike music,37,no_family_rule
poetry,37,no_family_rule
urbano,37,no_family_rule
alien lives matter,36,no_family_rule
avant-prog,36,no_family_rule
bb12b20e,36,no_family_rule
davido,36,no_family_rule
davido adeleke,36,no_family_rule
gobe,36,no_family_rule
happy,36,no_family_rule
italian tenor,36,no_family_rule
j-r & b,36,no_family_rule
k-indie,36,no_family_rule
kurt cobain,36,no_family_rule
legendary,36,no_family_rule
miami bass,36,no_family_rule
modern bhajan,36,no_family_rule
nigeria music,36,no_family_rule
nirvana,36,no_family_rule
northwest,36,no_family_rule
oratorio,36,no_family_rule
skelewu,36,no_family_rule
sunnlensk tonlist,36,no_family_rule
tenor,36,no_family_rule
wizkid,36,no_family_rule
y2k,36,no_family_rule
+usa (california:los angeles,35,no_family_rule
angry,35,no_family_rule
b7005bb9-fcd9-4d06-8c39-c5ef11275ef1,35,no_family_rule
bob-marley,35,no_family_rule
cast recordings,35,no_family_rule
czech,35,no_family_rule
death by pulmonary embolism,35,no_family_rule
funk das antigas,35,no_family_rule
knebworth,35,no_family_rule
latvian indie,35,no_family_rule
n2,35,no_family_rule
nerdcore,35,no_family_rule
patience,35,no_family_rule
the wailers,35,no_family_rule
today,35,no_family_rule
torch songs,35,no_family_rule
vocal surf,35,no_family_rule
cha cha cha,34,no_family_rule
contemporary,34,no_family_rule
elton-john,34,no_family_rule
french touch,34,no_family_rule
funk mandelao,34,no_family_rule
hands up,34,no_family_rule
hungarian indie,34,no_family_rule
karadeniz turkuleri,34,no_family_rule
keyboardist,34,no_family_rule
not relaxed,34,no_family_rule
split me up,34,no_family_rule
the beatles,34,no_family_rule
warm,34,no_family_rule
acoustic porridge,33,no_family_rule
balada romantica,33,no_family_rule
canzone dautore,33,no_family_rule
charva,33,no_family_rule
chiptune,33,no_family_rule
consistency,33,no_family_rule
eddie rubin,33,no_family_rule
exotica,33,no_family_rule
koplo,33,no_family_rule
laulaja-lauluntekija,33,no_family_rule
nouvelle chanson francaise,33,no_family_rule
rio,33,no_family_rule
suecia,33,no_family_rule
believe in nothing,32,no_family_rule
espana,32,no_family_rule
host,32,no_family_rule
italiano,32,no_family_rule
jellyroll,32,no_family_rule
kwaito,32,no_family_rule
lyricists,32,no_family_rule
murga,32,no_family_rule
partynextdoor,32,no_family_rule
rpi,32,no_family_rule
turntablism,32,no_family_rule
a bit overrated,31,no_family_rule
amerikansk,31,no_family_rule
booka-shade,31,no_family_rule
destroyer,31,no_family_rule
duetos,31,no_family_rule
ethnic,31,no_family_rule
funk bruxaria,31,no_family_rule
hardnheavy,31,no_family_rule
jdanton2,31,no_family_rule
ma baker,31,no_family_rule
madonna,31,no_family_rule
melodic bass,31,no_family_rule
musica angolana,31,no_family_rule
pessimistic,31,no_family_rule
pompous asses,31,no_family_rule
sabrinafan,31,no_family_rule
sandalwood,31,no_family_rule
star wars,31,no_family_rule
stopped being good after 88,31,no_family_rule
stopped being good after 97,31,no_family_rule
the unforgiving,31,no_family_rule
thrash,31,no_family_rule
trash,31,no_family_rule
arrolladora,30,no_family_rule
arrolladora limon,30,no_family_rule
atmospheric,30,no_family_rule
breakcore,30,no_family_rule
danish,30,no_family_rule
dark wave,30,no_family_rule
finnish melodeath,30,no_family_rule
if you seek amy,30,no_family_rule
la arrolladora,30,no_family_rule
la indie,30,no_family_rule
limon,30,no_family_rule
love,30,no_family_rule
musica madeirense,30,no_family_rule
prog related,30,no_family_rule
rave funk,30,no_family_rule
southern gothic,30,no_family_rule
talentkonkurrence,30,no_family_rule
the sims,30,no_family_rule
trot,30,no_family_rule
afro-fusion,29,no_family_rule
chanson quebecoise,29,no_family_rule
comedy,29,no_family_rule
ddr,29,no_family_rule
death by drowning,29,no_family_rule
detective,29,no_family_rule
early r & b,29,no_family_rule
engel,29,no_family_rule
engineer,29,no_family_rule
german industrial,29,no_family_rule
high german,29,no_family_rule
icelandic,29,no_family_rule
international fusion,29,no_family_rule
lithuanian dance,29,no_family_rule
missing allmusic links,29,no_family_rule
norske viser,29,no_family_rule
payner,29,no_family_rule
ritmo kombina,29,no_family_rule
third stream,29,no_family_rule
tunisia,29,no_family_rule
anthology,28,no_family_rule
broken transmission,28,no_family_rule
chamame,28,no_family_rule
cowboy,28,no_family_rule
dangdut koplo,28,no_family_rule
dusseldorf,28,no_family_rule
girl,28,no_family_rule
gothic,28,no_family_rule
hamaki,28,no_family_rule
jerry lee lewis,28,no_family_rule
kazakh indie,28,no_family_rule
malaysian indie,28,no_family_rule
mathcore,28,no_family_rule
meek mill,28,no_family_rule
mohamed hamaki,28,no_family_rule
sentimental,28,no_family_rule
sun box,28,no_family_rule
the best of jerry lee lewis,28,no_family_rule
thomas bangalter,28,no_family_rule
tunisian,28,no_family_rule
ukg revival,28,no_family_rule
vocoder,28,no_family_rule
whistle register,28,no_family_rule
wp musicians,28,no_family_rule
ascetic,27,no_family_rule
beat poetry,27,no_family_rule
bedroom r & b,27,no_family_rule
deep purple family,27,no_family_rule
duranguense,27,no_family_rule
g funk,27,no_family_rule
german-lyrics,27,no_family_rule
kayokyoku,27,no_family_rule
nueva trova,27,no_family_rule
polish hip-hop,27,no_family_rule
producer tag-pharrell,27,no_family_rule
roblox,27,no_family_rule
rough trade,27,no_family_rule
saga,27,no_family_rule
sky room,27,no_family_rule
spike,27,no_family_rule
suboptimal credits,27,no_family_rule
thai ost,27,no_family_rule
welsh,27,no_family_rule
cantonese,26,no_family_rule
dabke,26,no_family_rule
drumstep,26,no_family_rule
epitaph,26,no_family_rule
group,26,no_family_rule
moombahcore,26,no_family_rule
o happy day,26,no_family_rule
otacore,26,no_family_rule
playback singer,26,no_family_rule
signalwave,26,no_family_rule
this is the time,26,no_family_rule
antideutsche,25,no_family_rule
comic,25,no_family_rule
crime,25,no_family_rule
dutch cabaret,25,no_family_rule
ebm,25,no_family_rule
el principe,25,no_family_rule
iceland,25,no_family_rule
minneapolis sound,25,no_family_rule
musica adventista,25,no_family_rule
new orleans bounce,25,no_family_rule
nightcore,25,no_family_rule
nueva cancion,25,no_family_rule
oldies,25,no_family_rule
progressive thrash,25,no_family_rule
riot grrrl,25,no_family_rule
rumba flamenca,25,no_family_rule
sheffield indie,25,no_family_rule
ye ye,25,no_family_rule
2000er,24,no_family_rule
32 sonatas,24,no_family_rule
added for google code-in 2017,24,no_family_rule
am,24,no_family_rule
beethoven gardiner,24,no_family_rule
cantautora mexicana,24,no_family_rule
electra,24,no_family_rule
flaming,24,no_family_rule
frenchcore,24,no_family_rule
grand tour,24,no_family_rule
hamburg,24,no_family_rule
if you talk in your sleep,24,no_family_rule
impressionism,24,no_family_rule
in the studio,24,no_family_rule
interview,24,no_family_rule
klavierwerke,24,no_family_rule
live in concert,24,no_family_rule
lo spirito,24,no_family_rule
masterworks,24,no_family_rule
minimal,24,no_family_rule
netherlands,24,no_family_rule
opus 57,24,no_family_rule
organ,24,no_family_rule
private tag 1,24,no_family_rule
reader s,24,no_family_rule
sertaneja,24,no_family_rule
the way i feel,24,no_family_rule
transgender,24,no_family_rule
vlaamse kinderliedje,24,no_family_rule
voice actor,24,no_family_rule
barnmusik,23,no_family_rule
brighton indie,23,no_family_rule
cdo indie,23,no_family_rule
chanson a texte,23,no_family_rule
covers,23,no_family_rule
deep purple,23,no_family_rule
farther,23,no_family_rule
female fronted,23,no_family_rule
freestyle,23,no_family_rule
funk melody,23,no_family_rule
girlsband,23,no_family_rule
hammond,23,no_family_rule
hammond organ,23,no_family_rule
in jail,23,no_family_rule
kindermusik,23,no_family_rule
liedermacher,23,no_family_rule
rumba catalana,23,no_family_rule
russian indie,23,no_family_rule
russian plugg,23,no_family_rule
slovak,23,no_family_rule
top 100,23,no_family_rule
alternative rnb,22,no_family_rule
awesomename,22,no_family_rule
bon jovi,22,no_family_rule
britain,22,no_family_rule
bulgarian r & b,22,no_family_rule
cabo verde,22,no_family_rule
carnaval cadiz,22,no_family_rule
chanson virale,22,no_family_rule
complete violin wind,22,no_family_rule
death by cirrhosis,22,no_family_rule
dissolved,22,no_family_rule
funana,22,no_family_rule
gb,22,no_family_rule
graz indie,22,no_family_rule
great britain,22,no_family_rule
hard fm,22,no_family_rule
hare krishna,22,no_family_rule
iraqi music,22,no_family_rule
ireland,22,no_family_rule
krushfunk,22,no_family_rule
nl,22,no_family_rule
oye com va,22,no_family_rule
pedophile,22,no_family_rule
poggers,22,no_family_rule
afrofuturism,21,no_family_rule
cold wave,21,no_family_rule
eire,21,no_family_rule
eyes on me,21,no_family_rule
french language,21,no_family_rule
fuji,21,no_family_rule
glitch hop,21,no_family_rule
great voice,21,no_family_rule
jive,21,no_family_rule
lol,21,no_family_rule
noisecore,21,no_family_rule
north east england indie,21,no_family_rule
novelty,21,no_family_rule
ocean,21,no_family_rule
orange county,21,no_family_rule
ozymandias,21,no_family_rule
relative-cousin,21,no_family_rule
russian composer,21,no_family_rule
skansk musik,21,no_family_rule
skilled vocals,21,no_family_rule
skrillex,21,no_family_rule
switzerland,21,no_family_rule
thai,21,no_family_rule
top 10,21,no_family_rule
urban music,21,no_family_rule
viet lo-fi,21,no_family_rule
avante garde,20,no_family_rule
barnemusikk,20,no_family_rule
boston,20,no_family_rule
cuba,20,no_family_rule
enfp,20,no_family_rule
epic music,20,no_family_rule
favorite,20,no_family_rule
female vocal dance,20,no_family_rule
harmonica players,20,no_family_rule
hip-hip,20,no_family_rule
hokkaido indie,20,no_family_rule
kolsche karneval,20,no_family_rule
little,20,no_family_rule
massachusetts,20,no_family_rule
musica chihuahuense,20,no_family_rule
osteraker,20,no_family_rule
ostschlager,20,no_family_rule
pentecostal,20,no_family_rule
pinoy alternative,20,no_family_rule
portuguese indie,20,no_family_rule
scandinavian,20,no_family_rule
solo wave,20,no_family_rule
utaite,20,no_family_rule
vocal dance,20,no_family_rule
abstract,19,no_family_rule
add named after,19,no_family_rule
ballet,19,no_family_rule
batida,19,no_family_rule
chamber orchestra,19,no_family_rule
childrens choir,19,no_family_rule
death,19,no_family_rule
gregorian chant,19,no_family_rule
israeli indie,19,no_family_rule
italo-disco,19,no_family_rule
japanese band,19,no_family_rule
keyboard,19,no_family_rule
l2b,19,no_family_rule
neomelodici,19,no_family_rule
new haven,19,no_family_rule
poetics,19,no_family_rule
sami,19,no_family_rule
sort me out,19,no_family_rule
travis barker,19,no_family_rule
urban,19,no_family_rule
vapor twitch,19,no_family_rule
vilnius,19,no_family_rule
world music,19,no_family_rule
x,19,no_family_rule
乐队组合,19,no_family_rule
1970s hong kong debut,18,no_family_rule
accordion,18,no_family_rule
afro-beat,18,no_family_rule
austrian actor,18,no_family_rule
brisbane indie,18,no_family_rule
brooklyn indie,18,no_family_rule
celtic new age,18,no_family_rule
chillstep,18,no_family_rule
city,18,no_family_rule
drumless,18,no_family_rule
enya,18,no_family_rule
fantezi,18,no_family_rule
heavy psych,18,no_family_rule
hustle,18,no_family_rule
indie surf,18,no_family_rule
juju,18,no_family_rule
las vegas,18,no_family_rule
mande,18,no_family_rule
morelos indie,18,no_family_rule
northern irish,18,no_family_rule
sad lo-fi,18,no_family_rule
seoul,18,no_family_rule
speedrun,18,no_family_rule
urbano ecuatoriano,18,no_family_rule
anniversary,17,no_family_rule
blackgaze,17,no_family_rule
darksynth,17,no_family_rule
death by cardiac arrest,17,no_family_rule
death by covid-19,17,no_family_rule
discogs,17,no_family_rule
drake,17,no_family_rule
duo,17,no_family_rule
estonian indie,17,no_family_rule
hong kong cultural icon,17,no_family_rule
huzunlu sarkilar,17,no_family_rule
inna,17,no_family_rule
iswcs pending,17,no_family_rule
jam,17,no_family_rule
james scutt,17,no_family_rule
karneval,17,no_family_rule
kingston on indie,17,no_family_rule
many names,17,no_family_rule
many singles,17,no_family_rule
oyun havası,17,no_family_rule
portugal,17,no_family_rule
pretzelbodylogic,17,no_family_rule
prince revolution,17,no_family_rule
quebec indie,17,no_family_rule
robin,17,no_family_rule
royalty free,17,no_family_rule
russia,17,no_family_rule
script-deva,17,no_family_rule
sea shanties,17,no_family_rule
soprano,17,no_family_rule
speedcore,17,no_family_rule
the police,17,no_family_rule
trondersk musikk,17,no_family_rule
wonky,17,no_family_rule
added for google code-in 2016,16,no_family_rule
aria,16,no_family_rule
atif,16,no_family_rule
atif aslam,16,no_family_rule
best of,16,no_family_rule
broadway,16,no_family_rule
cabaret,16,no_family_rule
chanson quebecois,16,no_family_rule
chilean indie,16,no_family_rule
classic schlager,16,no_family_rule
cruise,16,no_family_rule
deejay,16,no_family_rule
doorie,16,no_family_rule
eau claire indie,16,no_family_rule
el paso indie,16,no_family_rule
epa dunk,16,no_family_rule
ethereal,16,no_family_rule
indie triste,16,no_family_rule
jal pari,16,no_family_rule
kings college,16,no_family_rule
malaysia,16,no_family_rule
menuhin,16,no_family_rule
mexican ska,16,no_family_rule
motorik,16,no_family_rule
musica santomense,16,no_family_rule
oxford indie,16,no_family_rule
raspe,16,no_family_rule
serenity,16,no_family_rule
son jarocho,16,no_family_rule
the lost prophecy,16,no_family_rule
utrecht,16,no_family_rule
variete,16,no_family_rule
vocals,16,no_family_rule
wir sind helden,16,no_family_rule
ye-ye,16,no_family_rule
yg,16,no_family_rule
zouglou,16,no_family_rule
algeria,15,no_family_rule
auckland indie,15,no_family_rule
bass music,15,no_family_rule
bbb,15,no_family_rule
british orchestra,15,no_family_rule
caribbean,15,no_family_rule
chicago bop,15,no_family_rule
death by plane crash,15,no_family_rule
domestic abuser,15,no_family_rule
early music,15,no_family_rule
eclectic prog,15,no_family_rule
finland,15,no_family_rule
german voice actor,15,no_family_rule
hard bass,15,no_family_rule
indie extremena,15,no_family_rule
minimal wave,15,no_family_rule
ontario indie,15,no_family_rule
pixie,15,no_family_rule
post-minimalism,15,no_family_rule
romanian band,15,no_family_rule
russian ska,15,no_family_rule
sigilkore,15,no_family_rule
symphony orchestra,15,no_family_rule
technical,15,no_family_rule
todo-works,15,no_family_rule
trumpet,15,no_family_rule
turkish psych,15,no_family_rule
#kingkiba,14,no_family_rule
2 tone,14,no_family_rule
aygun kazimova,14,no_family_rule
aygun kazımova,14,no_family_rule
azeri singer,14,no_family_rule
bandung indie,14,no_family_rule
crank wave,14,no_family_rule
dainuojamoji poezija,14,no_family_rule
death by bleeding ulcer,14,no_family_rule
deep talent show,14,no_family_rule
diva,14,no_family_rule
egyptian,14,no_family_rule
folclor andino,14,no_family_rule
george gershwin,14,no_family_rule
had feet,14,no_family_rule
kreisais krasts,14,no_family_rule
laid back,14,no_family_rule
lies,14,no_family_rule
lithuanian contemporary r & b,14,no_family_rule
major,14,no_family_rule
midnight,14,no_family_rule
miles davis,14,no_family_rule
musica tradicional cubana,14,no_family_rule
native american music,14,no_family_rule
new orleans r & b,14,no_family_rule
philippines,14,no_family_rule
poets,14,no_family_rule
portuguese,14,no_family_rule
quantum sound,14,no_family_rule
renaissance,14,no_family_rule
rogaland musikk,14,no_family_rule
ska chileno,14,no_family_rule
sony music,14,no_family_rule
sony music africa,14,no_family_rule
stay awake,14,no_family_rule
strange,14,no_family_rule
the netherlands,14,no_family_rule
trumpeter,14,no_family_rule
violinist,14,no_family_rule
zxc,14,no_family_rule
2020s hong kong debut,13,no_family_rule
acoustic cover,13,no_family_rule
adele,13,no_family_rule
afrorave,13,no_family_rule
aternative dance,13,no_family_rule
barnsagor,13,no_family_rule
brasil,13,no_family_rule
bristol,13,no_family_rule
defacing,13,no_family_rule
festigal,13,no_family_rule
footwork,13,no_family_rule
former musician,13,no_family_rule
get dumb,13,no_family_rule
gold,13,no_family_rule
hardwave,13,no_family_rule
irlandais,13,no_family_rule
irlande,13,no_family_rule
kizzy,13,no_family_rule
kizzy mchugh,13,no_family_rule
krushclub,13,no_family_rule
lgbtqia+,13,no_family_rule
musica nicaraguense,13,no_family_rule
musica tlaxcalteca,13,no_family_rule
ndw,13,no_family_rule
neue neue deutsche welle,13,no_family_rule
perth indie,13,no_family_rule
politician,13,no_family_rule
quebec,13,no_family_rule
roger waters,13,no_family_rule
rolling stones,13,no_family_rule
seconds,13,no_family_rule
senegalese,13,no_family_rule
south american,13,no_family_rule
space,13,no_family_rule
surreal,13,no_family_rule
sxsw,13,no_family_rule
texan,13,no_family_rule
tiktok,13,no_family_rule
top 5,13,no_family_rule
twelve-tone,13,no_family_rule
zolo,13,no_family_rule
16-bit,12,no_family_rule
activists,12,no_family_rule
afro fusion,12,no_family_rule
ai,12,no_family_rule
alternative singer,12,no_family_rule
androgynous vocals,12,no_family_rule
austrian indie,12,no_family_rule
balkan beats,12,no_family_rule
beautiful,12,no_family_rule
belgian,12,no_family_rule
biggest,12,no_family_rule
bounce,12,no_family_rule
breaks,12,no_family_rule
c81,12,no_family_rule
checkme recordings,12,no_family_rule
confetti,12,no_family_rule
contemporary african,12,no_family_rule
cuban,12,no_family_rule
death by automobile,12,no_family_rule
deep german indie,12,no_family_rule
digital fusion,12,no_family_rule
discofox,12,no_family_rule
dna,12,no_family_rule
dunedin sound,12,no_family_rule
electonic,12,no_family_rule
feminists,12,no_family_rule
fiction,12,no_family_rule
funky,12,no_family_rule
gary moore,12,no_family_rule
get weird,12,no_family_rule
girl band,12,no_family_rule
girl-group,12,no_family_rule
glory days,12,no_family_rule
god,12,no_family_rule
hopebeat,12,no_family_rule
in the mood,12,no_family_rule
jade thirlwall,12,no_family_rule
jahseh onfroy,12,no_family_rule
jamaica,12,no_family_rule
jesy nelson,12,no_family_rule
kind,12,no_family_rule
kindest,12,no_family_rule
kweens,12,no_family_rule
latmiya,12,no_family_rule
leigh-anne pinnock,12,no_family_rule
lm5,12,no_family_rule
love u sonu,12,no_family_rule
musica andina,12,no_family_rule
my blue heaven,12,no_family_rule
new beat,12,no_family_rule
new york shit,12,no_family_rule
no beat,12,no_family_rule
novelists,12,no_family_rule
palindrome,12,no_family_rule
perreo,12,no_family_rule
perrie edwards,12,no_family_rule
poete,12,no_family_rule
puro corazon,12,no_family_rule
queens,12,no_family_rule
rca,12,no_family_rule
richest,12,no_family_rule
salute,12,no_family_rule
science fiction,12,no_family_rule
semba,12,no_family_rule
sequencer & tracker,12,no_family_rule
snoop dogg,12,no_family_rule
sonu nigam,12,no_family_rule
standard group,12,no_family_rule
supporter,12,no_family_rule
sweet bands,12,no_family_rule
tallava,12,no_family_rule
tipico,12,no_family_rule
triphop,12,no_family_rule
video game developer,12,no_family_rule
wu-tang,12,no_family_rule
xxxtentacion,12,no_family_rule
zydeco,12,no_family_rule
27 club,11,no_family_rule
8-bit,11,no_family_rule
adoracao,11,no_family_rule
australian indigenous music,11,no_family_rule
canadian indigenous music,11,no_family_rule
cha-cha-cha,11,no_family_rule
chinese minyao,11,no_family_rule
coldwave,11,no_family_rule
comedy music,11,no_family_rule
concepcion indie,11,no_family_rule
crossover thrash,11,no_family_rule
cuban rumba,11,no_family_rule
death by breast cancer,11,no_family_rule
disc jockeys,11,no_family_rule
elektronische musik,11,no_family_rule
elephant 6,11,no_family_rule
exprimental,11,no_family_rule
factory records,11,no_family_rule
flute sonata,11,no_family_rule
furry,11,no_family_rule
ghanaian alternative,11,no_family_rule
ghent indie,11,no_family_rule
glasgow indie,11,no_family_rule
grave wave,11,no_family_rule
great songs,11,no_family_rule
i grandi concerti,11,no_family_rule
l olimpiade,11,no_family_rule
manguebeat,11,no_family_rule
minimalist,11,no_family_rule
morna,11,no_family_rule
naxos piano trios,11,no_family_rule
nepalese,11,no_family_rule
norway,11,no_family_rule
orlado furioso,11,no_family_rule
orlando furioso spinosi,11,no_family_rule
poet,11,no_family_rule
rabindra sangeet,11,no_family_rule
space music,11,no_family_rule
string quartet,11,no_family_rule
tanbi kei,11,no_family_rule
two-tone,11,no_family_rule
vancouver indie,11,no_family_rule
weirdcore,11,no_family_rule
wiener akademie,11,no_family_rule
4ad,10,no_family_rule
american string quartet,10,no_family_rule
australian r & b,10,no_family_rule
baggy,10,no_family_rule
bhojiwood,10,no_family_rule
brony,10,no_family_rule
canadian celtic,10,no_family_rule
celtic fusion,10,no_family_rule
cologne,10,no_family_rule
congolese rumba,10,no_family_rule
crunk & b,10,no_family_rule
crunkcore,10,no_family_rule
dallas,10,no_family_rule
death by overdose,10,no_family_rule
dixieland,10,no_family_rule
folclor colombiano,10,no_family_rule
folclore,10,no_family_rule
greek hip-hop,10,no_family_rule
hong kong actor,10,no_family_rule
incomplete remix,10,no_family_rule
instrumentalists,10,no_family_rule
introspective,10,no_family_rule
jamaican ska,10,no_family_rule
jawaiian,10,no_family_rule
john mayer,10,no_family_rule
lagu sabahan,10,no_family_rule
mali,10,no_family_rule
middle east,10,no_family_rule
monterrey indie,10,no_family_rule
musica canaria,10,no_family_rule
naat,10,no_family_rule
newgrass,10,no_family_rule
night and day,10,no_family_rule
paul barnes,10,no_family_rule
plugg francais,10,no_family_rule
scandinave,10,no_family_rule
scandinavia,10,no_family_rule
scandinavie,10,no_family_rule
sentimento,10,no_family_rule
shibuya-kei,10,no_family_rule
south african r & b,10,no_family_rule
speed up brasileiro,10,no_family_rule
uppsala indie,10,no_family_rule
wafuu kei,10,no_family_rule
yo no me doy por vencido,10,no_family_rule
1980s hong kong debut,9,no_family_rule
aromani,9,no_family_rule
asimakmal,9,no_family_rule
auteur-compositeur-interprete quebecois,9,no_family_rule
bilder,9,no_family_rule
birmingham indie,9,no_family_rule
brasileiro,9,no_family_rule
cananda,9,no_family_rule
chutney,9,no_family_rule
classic disco polo,9,no_family_rule
death by kidney failure,9,no_family_rule
deutsch,9,no_family_rule
dominican indie,9,no_family_rule
early romantic era,9,no_family_rule
enka,9,no_family_rule
eurovision song contest,9,no_family_rule
filipino,9,no_family_rule
fremantle indie,9,no_family_rule
glitchcore,9,no_family_rule
guitariste,9,no_family_rule
heavy prog,9,no_family_rule
hit squad,9,no_family_rule
jojo,9,no_family_rule
klubowe,9,no_family_rule
mandarin,9,no_family_rule
mbalax,9,no_family_rule
mr. big,9,no_family_rule
musica costarricense,9,no_family_rule
nantes indie,9,no_family_rule
nintendocore,9,no_family_rule
nohay,9,no_family_rule
parody,9,no_family_rule
percussionist,9,no_family_rule
polish composer,9,no_family_rule
rebetiko,9,no_family_rule
scenecore,9,no_family_rule
seattle indie,9,no_family_rule
september,9,no_family_rule
shit,9,no_family_rule
sido,9,no_family_rule
sludge,9,no_family_rule
sri lankan,9,no_family_rule
suede,9,no_family_rule
suedois,9,no_family_rule
sweet,9,no_family_rule
today is your birthday,9,no_family_rule
turin indie,9,no_family_rule
turkish instrumental,9,no_family_rule
ultimate,9,no_family_rule
vegan,9,no_family_rule
womens music,9,no_family_rule
10 cd,8,no_family_rule
42 dugg,8,no_family_rule
aberdeen,8,no_family_rule
aslı,8,no_family_rule
baritone,8,no_family_rule
beholder,8,no_family_rule
black lantern music,8,no_family_rule
border reiver,8,no_family_rule
box set,8,no_family_rule
burmese,8,no_family_rule
cellist,8,no_family_rule
children s,8,no_family_rule
childrenofdos,8,no_family_rule
chinese audiophile,8,no_family_rule
church music,8,no_family_rule
classic hardstyle,8,no_family_rule
coladeira,8,no_family_rule
complex,8,no_family_rule
coupe-decale,8,no_family_rule
da,8,no_family_rule
dalarna indie,8,no_family_rule
dangdut remix,8,no_family_rule
dark disco,8,no_family_rule
death by throat cancer,8,no_family_rule
do not split,8,no_family_rule
dutch r & b,8,no_family_rule
estonian,8,no_family_rule
euphoric hardstyle,8,no_family_rule
eurobeat,8,no_family_rule
fado de coimbra,8,no_family_rule
file,8,no_family_rule
fuck ali project,8,no_family_rule
g)i-dle,8,no_family_rule
gidle,8,no_family_rule
gothic lolita,8,no_family_rule
groovy,8,no_family_rule
gym hardstyle,8,no_family_rule
halftime,8,no_family_rule
hard dance,8,no_family_rule
i-dle,8,no_family_rule
idle,8,no_family_rule
jalsat,8,no_family_rule
k,8,no_family_rule
katmandu,8,no_family_rule
kda,8,no_family_rule
komponist,8,no_family_rule
korean talent show,8,no_family_rule
lil pump,8,no_family_rule
limerick,8,no_family_rule
midtempo bass,8,no_family_rule
monumentally stupid band names,8,no_family_rule
musica andina chilena,8,no_family_rule
musica classica,8,no_family_rule
musique concrete,8,no_family_rule
no wave,8,no_family_rule
not based,8,no_family_rule
ozzy,8,no_family_rule
ozzy osbourne,8,no_family_rule
path,8,no_family_rule
performance art,8,no_family_rule
performance name,8,no_family_rule
persian,8,no_family_rule
plunderphonics,8,no_family_rule
progressive r & b,8,no_family_rule
session,8,no_family_rule
sinfonia,8,no_family_rule
south african alternative,8,no_family_rule
stride,8,no_family_rule
swedish melodeath,8,no_family_rule
swiss,8,no_family_rule
swiss indie,8,no_family_rule
tabla,8,no_family_rule
thai bl ost,8,no_family_rule
tina-turner,8,no_family_rule
trust,8,no_family_rule
urban cowboy,8,no_family_rule
uzbekistan,8,no_family_rule
veracruz indie,8,no_family_rule
vocal group,8,no_family_rule
wave,8,no_family_rule
미연,8,no_family_rule
민니,8,no_family_rule
소연,8,no_family_rule
수진,8,no_family_rule
슈화,8,no_family_rule
여자)아이들,8,no_family_rule
우기,8,no_family_rule
전소연,8,no_family_rule
큐브,8,no_family_rule
큐브엔터테인먼트,8,no_family_rule
90s r & b,7,no_family_rule
albanian,7,no_family_rule
alemanha,7,no_family_rule
appear on hong kong postage stamps,7,no_family_rule
ballroom vogue,7,no_family_rule
belarusian indie,7,no_family_rule
belgium,7,no_family_rule
bonn,7,no_family_rule
brazil,7,no_family_rule
brit funk,7,no_family_rule
british asian,7,no_family_rule
budots,7,no_family_rule
canadian latin,7,no_family_rule
canadien,7,no_family_rule
candy,7,no_family_rule
cello,7,no_family_rule
channel islands indie,7,no_family_rule
children,7,no_family_rule
chinese drama ost,7,no_family_rule
circuit,7,no_family_rule
covertronica,7,no_family_rule
death by fall,7,no_family_rule
death by stomach cancer,7,no_family_rule
disney,7,no_family_rule
drama,7,no_family_rule
drummer,7,no_family_rule
experimental r & b,7,no_family_rule
fake,7,no_family_rule
foxtown,7,no_family_rule
fresh,7,no_family_rule
fvnky rimex,7,no_family_rule
greek indie,7,no_family_rule
guitar god,7,no_family_rule
harsh noise,7,no_family_rule
harsh noise wall,7,no_family_rule
hawaiian,7,no_family_rule
hebrew,7,no_family_rule
herleo muntu,7,no_family_rule
indian fusion,7,no_family_rule
indie curitibano,7,no_family_rule
j-indie,7,no_family_rule
knack am,7,no_family_rule
lithuanian contemporary,7,no_family_rule
maher zain the n1 for us,7,no_family_rule
marina the diamonds,7,no_family_rule
marseille,7,no_family_rule
maxproduction,7,no_family_rule
minimal synth,7,no_family_rule
music producer,7,no_family_rule
musica costena,7,no_family_rule
musica hondurena,7,no_family_rule
musica sinaloense,7,no_family_rule
musiikkia lapsille,7,no_family_rule
nct,7,no_family_rule
nottingham indie,7,no_family_rule
novelist,7,no_family_rule
nsfw cover art,7,no_family_rule
one life,7,no_family_rule
philosophical,7,no_family_rule
pirkanmaa,7,no_family_rule
playback,7,no_family_rule
playwright,7,no_family_rule
powerviolence,7,no_family_rule
queercore,7,no_family_rule
rautalanka,7,no_family_rule
romancier,7,no_family_rule
scorecore,7,no_family_rule
shornbeats,7,no_family_rule
songs,7,no_family_rule
south carolina,7,no_family_rule
sovietwave,7,no_family_rule
stomp and flutter,7,no_family_rule
strut,7,no_family_rule
talentschau,7,no_family_rule
the allman brothers band,7,no_family_rule
ttrpg,7,no_family_rule
tunisie,7,no_family_rule
ufw,7,no_family_rule
underground,7,no_family_rule
viola da gamba,7,no_family_rule
violin,7,no_family_rule
virtual group,7,no_family_rule
weird america,7,no_family_rule
wrong,7,no_family_rule
yg family,7,no_family_rule
ylojarvi,7,no_family_rule
zoomergaze,7,no_family_rule
александр горячев,7,no_family_rule
даваидаша,7,no_family_rule
+finland (helsinki,6,no_family_rule
1990s hong kong debut,6,no_family_rule
19th century,6,no_family_rule
adult alternative,6,no_family_rule
arcangel,6,no_family_rule
balearic,6,no_family_rule
baltimore club,6,no_family_rule
belo horizonte indie,6,no_family_rule
boogaloo,6,no_family_rule
boogie-woogie,6,no_family_rule
bop,6,no_family_rule
broken,6,no_family_rule
cape town indie,6,no_family_rule
cartoon,6,no_family_rule
castlevania,6,no_family_rule
catholic music,6,no_family_rule
club dance,6,no_family_rule
cowboy western,6,no_family_rule
creation records,6,no_family_rule
czech composer,6,no_family_rule
dan dan,6,no_family_rule
dance music hall of fame,6,no_family_rule
death by poison,6,no_family_rule
deep tech,6,no_family_rule
delete,6,no_family_rule
deltarune,6,no_family_rule
denmark,6,no_family_rule
denpa,6,no_family_rule
dmv,6,no_family_rule
duran,6,no_family_rule
early 20th century,6,no_family_rule
east coast hip-hop,6,no_family_rule
entekhno,6,no_family_rule
eurovision song contest 1985,6,no_family_rule
filthstep,6,no_family_rule
fransk,6,no_family_rule
gaelic,6,no_family_rule
grupero romantico,6,no_family_rule
hoerspiel,6,no_family_rule
huapango,6,no_family_rule
impressionist,6,no_family_rule
impro for vomir,6,no_family_rule
indiecoustica,6,no_family_rule
indus,6,no_family_rule
jakim,6,no_family_rule
latin funk,6,no_family_rule
limerick indie,6,no_family_rule
lyrical genius,6,no_family_rule
malang indie,6,no_family_rule
mento,6,no_family_rule
merge into anon or another [spa,6,no_family_rule
mod,6,no_family_rule
moe song,6,no_family_rule
music critic,6,no_family_rule
musica catalana,6,no_family_rule
muzika yehudit mekorit,6,no_family_rule
needs merging into [anonymous,6,no_family_rule
needs merging into anon.,6,no_family_rule
nengo flow,6,no_family_rule
never use this,6,no_family_rule
new age piano,6,no_family_rule
new prog,6,no_family_rule
new romantics,6,no_family_rule
new weird america,6,no_family_rule
norrbotten indie,6,no_family_rule
nuevo cancionero,6,no_family_rule
oriental,6,no_family_rule
outsider,6,no_family_rule
p funk,6,no_family_rule
palm desert scene,6,no_family_rule
philly indie,6,no_family_rule
piratenmuziek,6,no_family_rule
please dont use this,6,no_family_rule
polca paraguaya,6,no_family_rule
porro,6,no_family_rule
probably needs merging,6,no_family_rule
radioman,6,no_family_rule
regional mexican,6,no_family_rule
religious garbage,6,no_family_rule
romanian musician,6,no_family_rule
scientology,6,no_family_rule
seriously,6,no_family_rule
simon rattle,6,no_family_rule
sleep,6,no_family_rule
sm,6,no_family_rule
spy,6,no_family_rule
sri lanka,6,no_family_rule
stephen kovacevich*-beethovestephen kovacevich plays beethoven,6,no_family_rule
sung poetry,6,no_family_rule
symbolist,6,no_family_rule
synthesizer,6,no_family_rule
tantrumjas,6,no_family_rule
thailand,6,no_family_rule
tilson,6,no_family_rule
troll,6,no_family_rule
undertale,6,no_family_rule
vegas indie,6,no_family_rule
viet remix,6,no_family_rule
vietnamese,6,no_family_rule
virtual youtuber,6,no_family_rule
von weber,6,no_family_rule
washington indie,6,no_family_rule
worldwide,6,no_family_rule
x factor,6,no_family_rule
ابو اصيل,6,no_family_rule
ابو بكر سالم,6,no_family_rule
ابو بكر سالم بلفقيه,6,no_family_rule
اغاني يمنية,6,no_family_rule
محضاريات,6,no_family_rule
3a46633b-26ed-4418-a029-ab77de3ccfae,5,no_family_rule
60th anniversary,5,no_family_rule
abdu kiar,5,no_family_rule
ace of base,5,no_family_rule
addis ababa,5,no_family_rule
african traditions,5,no_family_rule
al-qaysar,5,no_family_rule
amharic music,5,no_family_rule
anarchiste,5,no_family_rule
andrews sisters,5,no_family_rule
anthony newman,5,no_family_rule
anxious,5,no_family_rule
ara music,5,no_family_rule
armenian,5,no_family_rule
athens,5,no_family_rule
atlantic,5,no_family_rule
austin city limits,5,no_family_rule
austindie,5,no_family_rule
azeri traditional,5,no_family_rule
bad music,5,no_family_rule
bergen indie,5,no_family_rule
bexleyheath,5,no_family_rule
c86,5,no_family_rule
cantautora argentina,5,no_family_rule
changes,5,no_family_rule
clean,5,no_family_rule
collective pseudonym,5,no_family_rule
crash,5,no_family_rule
death by liver failure,5,no_family_rule
dinamo,5,no_family_rule
easycore,5,no_family_rule
en public,5,no_family_rule
ethiopian music,5,no_family_rule
ethiopian singer,5,no_family_rule
faul,5,no_family_rule
faul & wad,5,no_family_rule
faul & wad ad,5,no_family_rule
faulandwad,5,no_family_rule
faulandwadad,5,no_family_rule
faulmusic,5,no_family_rule
football,5,no_family_rule
fourth world,5,no_family_rule
game composer,5,no_family_rule
gen z,5,no_family_rule
georgia,5,no_family_rule
gothenburg,5,no_family_rule
greenville,5,no_family_rule
gregorian dance,5,no_family_rule
hair band,5,no_family_rule
harlem renaissance,5,no_family_rule
healing hz,5,no_family_rule
heavenly voice,5,no_family_rule
hijo de la luna,5,no_family_rule
hillsong,5,no_family_rule
hollywood records,5,no_family_rule
horbuchserie,5,no_family_rule
icelandic experimental,5,no_family_rule
indian lo-fi,5,no_family_rule
indie siciliano,5,no_family_rule
intelligent dance music,5,no_family_rule
isle of wight,5,no_family_rule
italian classic,5,no_family_rule
james levine,5,no_family_rule
jeepster,5,no_family_rule
jovem guarda,5,no_family_rule
kabarett,5,no_family_rule
kent,5,no_family_rule
khiar,5,no_family_rule
kids,5,no_family_rule
kiyar,5,no_family_rule
la luz,5,no_family_rule
lata-mangeshkar,5,no_family_rule
latin freestyle,5,no_family_rule
library music,5,no_family_rule
list,5,no_family_rule
loren maazel,5,no_family_rule
lucy,5,no_family_rule
lukas graham,5,no_family_rule
lund indie,5,no_family_rule
marketing lebsians,5,no_family_rule
melbourne shuffle,5,no_family_rule
merkato sefere,5,no_family_rule
minew shewa,5,no_family_rule
misanthropy,5,no_family_rule
missing va releases,5,no_family_rule
mobb music,5,no_family_rule
modinha,5,no_family_rule
monaco,5,no_family_rule
monegasque,5,no_family_rule
montreal indie,5,no_family_rule
mumm der kopflose,5,no_family_rule
murcia indie,5,no_family_rule
murdered,5,no_family_rule
musica andina colombiana,5,no_family_rule
musica aragonesa,5,no_family_rule
musique pour enfants,5,no_family_rule
neighbours,5,no_family_rule
new weird finland,5,no_family_rule
nihilism,5,no_family_rule
no doubt,5,no_family_rule
noah cyrus,5,no_family_rule
noisegrind,5,no_family_rule
northern ireland,5,no_family_rule
observational comedy,5,no_family_rule
oi,5,no_family_rule
paisa,5,no_family_rule
peace,5,no_family_rule
pennsylvania,5,no_family_rule
peruvian indie,5,no_family_rule
pittsburgh symphony orchestra,5,no_family_rule
play,5,no_family_rule
pnau,5,no_family_rule
poezja spiewana,5,no_family_rule
post-alternative,5,no_family_rule
post-baggy,5,no_family_rule
post-romantic era,5,no_family_rule
pt,5,no_family_rule
punto guajiro,5,no_family_rule
ralph records,5,no_family_rule
religious propaganda,5,no_family_rule
rodrigo interpreta a rodrigo,5,no_family_rule
rubby perez,5,no_family_rule
san francisco,5,no_family_rule
sardinia,5,no_family_rule
saturday night live,5,no_family_rule
serbian,5,no_family_rule
shabad,5,no_family_rule
simon and,5,no_family_rule
ska mexicano,5,no_family_rule
slowed and reverb,5,no_family_rule
smooth saxophone,5,no_family_rule
south africa,5,no_family_rule
spiritual,5,no_family_rule
stell,5,no_family_rule
stelljun,5,no_family_rule
super,5,no_family_rule
surreal humour,5,no_family_rule
the voice,5,no_family_rule
tidy,5,no_family_rule
top 50,5,no_family_rule
tour d amour,5,no_family_rule
township bubblegum,5,no_family_rule
trio,5,no_family_rule
turkce remix,5,no_family_rule
vocal music,5,no_family_rule
waltz,5,no_family_rule
west african,5,no_family_rule
wips,5,no_family_rule
wu fam,5,no_family_rule
wuthering heights,5,no_family_rule
yodeling,5,no_family_rule
zoblazo,5,no_family_rule
القيصر,5,no_family_rule
